<?xml version="1.0" encoding="UTF-8"?>
<model package="gatewaymanager" baseClass="xPDOObject" platform="mysql" defaultEngine="MyISAM">
	
	<object class="gatewayDomain" table="gateways" extends="xPDOSimpleObject">
		<field key="domain" dbtype="varchar" precision="255" phptype="string" null="false" index="index" />
		<field key="context" dbtype="varchar" precision="100" phptype="string" null="false" index="index" />
		<field key="sitestart" dbtype="int" precision="11" phptype="integer" null="true" />
		<field key="active" dbtype="int" precision="1" phptype="boolean" default="1" />
		
		<aggregate alias="Context" class="modContext" local="context" foreign="key" cardinality="one" owner="foreign" />
		<aggregate alias="Resource" class="modResource" local="sitestart" foreign="id" cardinality="one" owner="foreign" />
	</object>
	
</model>